Company,Job Role,Date Posted,Apply Link,Source
Zynga,Data Analyst 2,2026-03-11,https://www.linkedin.com/jobs/view/4374482980,linkedin
Sycomp,Data Analyst (Excel)- Laptop MSP,2026-03-11,https://www.linkedin.com/jobs/view/4382886549,linkedin
Amazon,ML Data Associate I,2026-03-11,https://www.linkedin.com/jobs/view/4366371095,linkedin
Amazon,ML Data Associate I,2026-03-11,https://www.linkedin.com/jobs/view/4366372051,linkedin
Scoutit,Data Analyst,2026-03-11,https://www.linkedin.com/jobs/view/4382895095,linkedin
Google,"Data Engineer, Play Data Science and Analytics",2026-03-11,https://www.linkedin.com/jobs/view/4372449555,linkedin
Scoutit,Data Analyst,2026-03-11,https://www.linkedin.com/jobs/view/4382893137,linkedin
Scoutit,Data Analyst,2026-03-11,https://www.linkedin.com/jobs/view/4383203388,linkedin
Uber,Data Engineer-II,2026-03-11,https://www.linkedin.com/jobs/view/4382889346,linkedin
UBS,Data Analyst (Technical),2026-03-11,https://www.linkedin.com/jobs/view/4371381148,linkedin
EY,Associate Analyst-Analyst,2026-03-11,https://www.linkedin.com/jobs/view/4382876867,linkedin
Scoutit,Data Analyst,2026-03-11,https://www.linkedin.com/jobs/view/4382889343,linkedin
Scoutit,Data Analyst,2026-03-11,https://www.linkedin.com/jobs/view/4382882604,linkedin
Cencora,Analyst I - Data (IN),2026-03-11,https://www.linkedin.com/jobs/view/4373120852,linkedin
Scoutit,Data Analyst,2026-03-11,https://www.linkedin.com/jobs/view/4382888956,linkedin
Scoutit,Data Analyst,2026-03-11,https://www.linkedin.com/jobs/view/4383201426,linkedin
Scoutit,Data Analyst,2026-03-11,https://www.linkedin.com/jobs/view/4383201425,linkedin
Scoutit,Data Analyst,2026-03-11,https://www.linkedin.com/jobs/view/4382878825,linkedin
Scoutit,Data Analyst,2026-03-11,https://www.linkedin.com/jobs/view/4383210054,linkedin
Scoutit,Data Analyst,2026-03-11,https://www.linkedin.com/jobs/view/4383210083,linkedin
Fractal,PowerBI- Engineer/Senior Engineer,2026-03-11,https://www.linkedin.com/jobs/view/4383210322,linkedin
ICE,Jr Data Analyst (Fresher MBA in Finance only),2026-03-11,https://www.linkedin.com/jobs/view/4384180034,linkedin
Scoutit,Data Analyst,2026-03-11,https://www.linkedin.com/jobs/view/4382895712,linkedin
Scoutit,Data Analyst,2026-03-11,https://www.linkedin.com/jobs/view/4382895686,linkedin
Zenithbyte,Data Analyst Intern,2026-03-11,https://www.linkedin.com/jobs/view/4382888801,linkedin
Webs X UM,Data Analyst Intern,2026-03-11,https://www.linkedin.com/jobs/view/4384187081,linkedin
Scoutit,Data Analyst,2026-03-11,https://www.linkedin.com/jobs/view/4383212025,linkedin
Webs X UM,Data Analyst Intern,2026-03-11,https://www.linkedin.com/jobs/view/4384168738,linkedin
Scoutit,Data Analyst,2026-03-11,https://www.linkedin.com/jobs/view/4382899546,linkedin
Golden Opportunities,Assistant Manager - Data Analyst - GO/JC/1439/2025,2026-03-11,https://www.linkedin.com/jobs/view/4383214158,linkedin
Golden Opportunities,Data Science - GO/JC/1412/2025,2026-03-11,https://www.linkedin.com/jobs/view/4382898761,linkedin
Golden Opportunities,MDM Data Analyst Steward Lead- Bangalore - GO/JC/1295/2025,2026-03-11,https://www.linkedin.com/jobs/view/4383214171,linkedin
Golden Opportunities,MIS Analyst � RCM � Chennai - GO/JC/1533/2025,2026-03-11,https://www.linkedin.com/jobs/view/4382893982,linkedin
Evalueserve,Senior Analyst- Automotive,2026-03-11,https://www.linkedin.com/jobs/view/4384196456,linkedin
UPS,"Data Engineer GCP, BigQuery, Shell Scripting, Jenkins, Terraform,SQL, Python, Power BI",2026-03-11,https://www.linkedin.com/jobs/view/4324229357,linkedin
Golden Opportunities,Data Engineer ( Integration ) - GO/JC/1606/2025,2026-03-11,https://www.linkedin.com/jobs/view/4382895947,linkedin
Victoria’s Secret & Co.,Privacy Analyst,2026-03-11,https://www.linkedin.com/jobs/view/4358342090,linkedin
InsightAI,Data Analyst Trainee,2026-03-11,https://www.linkedin.com/jobs/view/4383204464,linkedin
AtkinsRéalis,Junior Environmental Data Technician,2026-03-11,https://www.linkedin.com/jobs/view/4384178149,linkedin
VOIS,CYBER FINANCE DATA ANALYST - VOIS,2026-03-11,https://www.linkedin.com/jobs/view/4384161990,linkedin
Zorba AI,GCP Data Engineer,2026-03-11,https://www.linkedin.com/jobs/view/4382873974,linkedin
WEBBOOST SOLUTION IT SERVICES,Data Science Intern,2026-03-11,https://www.linkedin.com/jobs/view/4384174387,linkedin
Lingaro,Team Lead,2026-03-11,https://www.linkedin.com/jobs/view/4382875931,linkedin
Yulu,Data Scientist,2026-03-11,https://www.linkedin.com/jobs/view/4384166832,linkedin
PwC India,IN_Senior Associate_Data Scientist Gen AI_Data & Analytics_Advisory_Pune,2026-03-11,https://www.linkedin.com/jobs/view/4384166787,linkedin
Virtusa,Gen AI,2026-03-11,https://www.linkedin.com/jobs/view/4343916297,linkedin
IBM,Data Engineer-Data Platforms-Databricks,2026-03-11,https://www.linkedin.com/jobs/view/4382592011,linkedin
IBM,Data Engineer-Data Platforms-Databricks,2026-03-11,https://www.linkedin.com/jobs/view/4382589163,linkedin
Viraaj HR Solutions Private Limited,Palantir Engineer,2026-03-11,https://www.linkedin.com/jobs/view/4382887609,linkedin
Novartis India,Expert - Reporting and Analytical Products,2026-03-11,https://www.linkedin.com/jobs/view/4381733267,linkedin
Expleo Group,Data Quality Program Oversight Analyst,2026-03-11,https://www.linkedin.com/jobs/view/4382589055,linkedin
Riveron,Technology and Innovation - Azure Data Engineer,2026-03-11,https://www.linkedin.com/jobs/view/4373010497,linkedin
BigID,Performance Engineer,2026-03-11,https://www.linkedin.com/jobs/view/4383200349,linkedin
Golden Opportunities,ITOM Developer - GO/JC/1420/2025,2026-03-11,https://www.linkedin.com/jobs/view/4383204584,linkedin
Qualcomm,Associate Engineer,2026-03-11,https://www.linkedin.com/jobs/view/4382898517,linkedin
PwC India,IN_Senior Associate_Power Automate_OC MS Dynamics_Advisory_Bhubaneshwar,2026-03-11,https://www.linkedin.com/jobs/view/4384171435,linkedin
PwC India,IN_Senior Associate_Power Automate_OC MS Dynamics_Advisory_Bhubaneshwar,2026-03-11,https://www.linkedin.com/jobs/view/4384170442,linkedin
S&P Global,Knowledge Engineer,2026-03-11,https://www.linkedin.com/jobs/view/4373079414,linkedin
BLEND Localization,Freelance Data Annotator – Image Comparison,2026-03-11,https://www.linkedin.com/jobs/view/4382897592,linkedin
Viraaj HR Solutions Private Limited,Palantir Engineer,2026-03-11,https://www.linkedin.com/jobs/view/4382890315,linkedin
Amazon,"Financial Analyst, GFS FP&A",2026-03-11,https://www.linkedin.com/jobs/view/4358147287,linkedin
Amazon,"Finance Analyst, FinOps IN BP",2026-03-11,https://www.linkedin.com/jobs/view/4268626399,linkedin
Johnson & Johnson,Finance Analyst CE&B,2026-03-11,https://www.linkedin.com/jobs/view/4374114303,linkedin
Amazon,FinOps Analyst - AP,2026-03-11,https://www.linkedin.com/jobs/view/4374438949,linkedin
IDFC FIRST Bank,Analyst - Central Due Diligence,2026-03-11,https://www.linkedin.com/jobs/view/4324294517,linkedin
Amazon,"Senior Finance Analyst, GREF FP&A",2026-03-11,https://www.linkedin.com/jobs/view/4344239975,linkedin
Talentgigs,Senior Financial Analyst,2026-03-11,https://www.linkedin.com/jobs/view/4382880811,linkedin
hackajob,Analyst - Global Banking,2026-03-11,https://www.linkedin.com/jobs/view/4383205584,linkedin
AllianceBernstein,Associate Portfolio Manager - Analyst,2026-03-11,https://www.linkedin.com/jobs/view/4366363063,linkedin
Stripe,"Financial Data Analyst, SDC",2026-03-11,https://www.linkedin.com/jobs/view/4361680804,linkedin
Virtusa,Business Analyst-Credit Risk and Market Risk,2026-03-11,https://www.linkedin.com/jobs/view/4350172329,linkedin
Jobgether,Entry-Level Crypto Market Specialist,2026-03-11,https://www.linkedin.com/jobs/view/4384115884,linkedin
Amazon,"Senior Financial Analyst, Service Delivery Finance",2026-03-11,https://www.linkedin.com/jobs/view/4358393318,linkedin
Golden Opportunities,Financial Benefit Analysis � Analyst/Senior Analyst - Bangalore - GO/JC/1480/2025,2026-03-11,https://www.linkedin.com/jobs/view/4383212264,linkedin
Acuity Analytics,Associate - Private Credit & Real Estate,2026-03-11,https://www.linkedin.com/jobs/view/4382898073,linkedin
Jensen Hughes,Project Financial Analyst,2026-03-11,https://www.linkedin.com/jobs/view/4384195326,linkedin
Golden Opportunities,OneStream Financial Reporting Analyst - GO/JC/1355/2025,2026-03-11,https://www.linkedin.com/jobs/view/4383213239,linkedin
Circles,"Senior Analyst, FP&A Systems and Infrastructure",2026-03-11,https://www.linkedin.com/jobs/view/4365900335,linkedin
Golden Opportunities,Pyspark- Senior Analyst- Kochi - GO/JC/1453/2025,2026-03-11,https://www.linkedin.com/jobs/view/4383212268,linkedin
Altisource,"Senior Analyst, AFS Operations",2026-03-11,https://www.linkedin.com/jobs/view/4384173683,linkedin
Wise,KYC Operations Senior Analyst - Deactivations,2026-03-11,https://www.linkedin.com/jobs/view/4373017685,linkedin
"Ameriprise Financial Services, LLC",Lead Portfolio Investment Analyst,2026-03-11,https://www.linkedin.com/jobs/view/4382893489,linkedin
Novartis India,Senior Analyst - Forecasting,2026-03-11,https://www.linkedin.com/jobs/view/4374215212,linkedin
S&P Global,"Senior Analyst, Pricing Analytics",2026-03-11,https://www.linkedin.com/jobs/view/4382892809,linkedin
BookkeeperLive India,Order Management & Estimating Coordinator,2026-03-11,https://www.linkedin.com/jobs/view/4384181280,linkedin
Facile Consulting Private LTD,Back Office Executive,2026-03-11,https://www.linkedin.com/jobs/view/4383203040,linkedin
UPS,F&A Senior Admin Assistant,2026-03-11,https://www.linkedin.com/jobs/view/4384193293,linkedin
Makia Capital,CA Articleship Trainee,2026-03-11,https://www.linkedin.com/jobs/view/4383200031,linkedin
UPS,F&A Senior Admin Assistant,2026-03-11,https://www.linkedin.com/jobs/view/4384188557,linkedin
IQ-EQ,"Officer 1, Corporate Administration",2026-03-11,https://www.linkedin.com/jobs/view/4384128528,linkedin
Mott MacDonald,Administrative Assistant,2026-03-11,https://www.linkedin.com/jobs/view/4366743614,linkedin
FNZ,Analyst Developer- .NET Developer (Multiple Openings),2026-03-11,https://www.linkedin.com/jobs/view/4383211037,linkedin
SquareYards,Administrative Assistant (Upto 4.2 LPA),2026-03-11,https://www.linkedin.com/jobs/view/4382875954,linkedin
Interra Information Technologies (InterraIT),Executive-Administration,2026-03-11,https://www.linkedin.com/jobs/view/4382893414,linkedin
Laabdhi Outsource India Services Pvt. Ltd.,Administrator,2026-03-11,https://www.linkedin.com/jobs/view/4382899596,linkedin
Eaton,Senior Data Analyst,2026-03-11,https://www.linkedin.com/jobs/view/4382584326,linkedin
Vertiv,Application Development & Support Senior Analyst,2026-03-11,https://www.linkedin.com/jobs/view/4374702300,linkedin
BNY,"Senior Specilaist, Production Services Application Support Analyst",2026-03-11,https://www.linkedin.com/jobs/view/4305626744,linkedin
PwC India,IN_Senior Associate_Business/Technology Analyst_AppTech_Advisory_Noida,2026-03-11,https://www.linkedin.com/jobs/view/4354317934,linkedin
Glencore,Senior Application Support Analyst,2026-03-11,https://www.linkedin.com/jobs/view/4373605870,linkedin
BNY,"Senior Specialist, Production Services Application Support Analyst",2026-03-11,https://www.linkedin.com/jobs/view/4377843062,linkedin
BNY,"Senior Specialist, Production Services Application Support Analyst",2026-03-11,https://www.linkedin.com/jobs/view/4364351003,linkedin
SES Satellites,"Senior Technical Analyst, Quality Assurance 1 1 1",2026-03-11,https://www.linkedin.com/jobs/view/4372853804,linkedin
BNY,"Senior Specialist, Production Services Application Support Analyst",2026-03-11,https://www.linkedin.com/jobs/view/4364291060,linkedin
BNY,"Senior Specialist, Production Services Application Support Analyst",2026-03-11,https://www.linkedin.com/jobs/view/4364231200,linkedin
WebBoost Solutions by UM,Financial Analyst Internship,2026-03-11,https://www.linkedin.com/jobs/view/4384186019,linkedin
Ventura,Business Analyst,2026-03-11,https://www.linkedin.com/jobs/view/4382899045,linkedin
LTIMindtree,Business Analyst,2026-03-11,https://www.linkedin.com/jobs/view/4382567845,linkedin
Scoutit,Business Analyst,2026-03-11,https://www.linkedin.com/jobs/view/4382881893,linkedin
Scoutit,Business Analyst,2026-03-11,https://www.linkedin.com/jobs/view/4382899101,linkedin
Scoutit,Business Analyst,2026-03-11,https://www.linkedin.com/jobs/view/4382891299,linkedin
Scoutit,Business Analyst,2026-03-11,https://www.linkedin.com/jobs/view/4382888583,linkedin
Scoutit,Business Analyst,2026-03-11,https://www.linkedin.com/jobs/view/4382886594,linkedin
Scoutit,Business Analyst,2026-03-11,https://www.linkedin.com/jobs/view/4382895262,linkedin
Hireginie,Business Analyst,2026-03-11,https://www.linkedin.com/jobs/view/4382579495,linkedin
FM,Principal Business Analyst - ITSM [T500-24279],2026-03-11,https://www.linkedin.com/jobs/view/4384196273,linkedin
Virtusa,Digital Asset Business Analyst,2026-03-11,https://www.linkedin.com/jobs/view/4350242222,linkedin
Levrara Consulting Group,Business analyst Capital reporting,2026-03-11,https://www.linkedin.com/jobs/view/4384175382,linkedin
AutomatR,Business Analyst,2026-03-11,https://www.linkedin.com/jobs/view/4383208156,linkedin
Virtusa,Business Analst- Lending (Lending Transformation),2026-03-11,https://www.linkedin.com/jobs/view/4350222210,linkedin
LTM,Business Analyst-Reinsurance,2026-03-11,https://www.linkedin.com/jobs/view/4382897599,linkedin
LTM,Business Analyst-Life Insurance,2026-03-11,https://www.linkedin.com/jobs/view/4382897501,linkedin
hackajob,Business Analyst,2026-03-11,https://www.linkedin.com/jobs/view/4383206523,linkedin
Amazon,"Business Analyst II, SPT Analytics",2026-03-11,https://www.linkedin.com/jobs/view/4374705511,linkedin
Scoutit,Business Analyst,2026-03-11,https://www.linkedin.com/jobs/view/4382896124,linkedin
LTM,Business Analyst-P&C Insurance,2026-03-11,https://www.linkedin.com/jobs/view/4382895898,linkedin
Delta Technology Hub,Senior Business Analyst,2026-03-11,https://www.linkedin.com/jobs/view/4382897075,linkedin
ITC Infotech,BA - LoanIQ,2026-03-11,https://www.linkedin.com/jobs/view/4383202489,linkedin
"InfluencerHai : Best Influencer Marketing Agency, Platform in India",BDE/BA,2026-03-11,https://www.linkedin.com/jobs/view/4382897092,linkedin
Husky Technologies,DST Business Analyst and Business Intelligence Developer - Husky (India) Chennai,2026-03-11,https://www.linkedin.com/jobs/view/4382898652,linkedin
Uplers,Senior Business Analyst - Digital Strategy & Growth,2026-03-11,https://www.linkedin.com/jobs/view/4374489848,linkedin
Virtusa,Temenos BA- Treasury,2026-03-11,https://www.linkedin.com/jobs/view/4351351189,linkedin
Tide,Business Development Executive,2026-03-11,https://www.linkedin.com/jobs/view/4382896563,linkedin
Inchcape Shipping Services,Senior Business Data Analyst,2026-03-11,https://www.linkedin.com/jobs/view/4359814918,linkedin
Curriculum Associates,People Operations Analyst,2026-03-11,https://www.linkedin.com/jobs/view/4384174507,linkedin
Novartis India,Business Analyst – Marketing Platform Ops (Manager / Senior Manager),2026-03-11,https://www.linkedin.com/jobs/view/4379870571,linkedin
Alight Solutions,Senior Support Analyst,2026-03-11,https://www.linkedin.com/jobs/view/4337361515,linkedin
IDFC FIRST Bank,Senior Analyst - Credit Administration,2026-03-11,https://www.linkedin.com/jobs/view/4382889680,linkedin
Generac,Workday Sr. HRIS Analyst - Security & Data Management,2026-03-11,https://www.linkedin.com/jobs/view/4383209095,linkedin
JBPCO India,Sr Functional Consultant- JD Edwards Manufacturing,2026-03-11,https://www.linkedin.com/jobs/view/4105396388,linkedin
Golden Opportunities,Actuarial UK Pension � Senior Analyst/Assistant Manager � Gurugram - GO/JC/1334/2025,2026-03-11,https://www.linkedin.com/jobs/view/4383206513,linkedin
WM,General Accounting : India Senior Analyst  & Analyst|| Gurgaon,2026-03-11,https://www.linkedin.com/jobs/view/4384188484,linkedin
KPMG India,D365 Technical,2026-03-11,https://www.linkedin.com/jobs/view/4384300324,linkedin
Stripe,Monetization Operation Analyst,2026-03-11,https://www.linkedin.com/jobs/view/4358544181,linkedin
NatWest Group,Production Analyst,2026-03-11,https://www.linkedin.com/jobs/view/4384197389,linkedin
Novartis India,Senior Analyst - BSI Forecasting,2026-03-11,https://www.linkedin.com/jobs/view/4372653338,linkedin
"Ameriprise Financial Services, LLC",Business Systems Analyst,2026-03-11,https://www.linkedin.com/jobs/view/4382967846,linkedin
Lennox India Technology Centre,Specialist - SAP BSA,2026-03-11,https://www.linkedin.com/jobs/view/4384177412,linkedin
ADM,IBM System Analyst [T500-24275],2026-03-11,https://www.linkedin.com/jobs/view/4384187610,linkedin
LSEG,ITSM Continual Improvement Analyst,2026-03-11,https://www.linkedin.com/jobs/view/4382883367,linkedin
Wolters Kluwer,Software Quality Assurance Analyst - Manual Tester  - Chennai,2026-03-11,https://www.linkedin.com/jobs/view/4384179663,linkedin
SES Satellites,"Senior Engineer, Quality Assurance 1 1",2026-03-11,https://www.linkedin.com/jobs/view/4372860352,linkedin
Kenvue,Senior Full Stack Developer– Digital Product Development,2026-03-11,https://www.linkedin.com/jobs/view/4384173594,linkedin
WebBoost Solutions by UM,Business Analyst Intern,2026-03-11,https://www.linkedin.com/jobs/view/4384182160,linkedin
WebBoost Solutions by UM,Business Analyst Intern,2026-03-11,https://www.linkedin.com/jobs/view/4384181129,linkedin
Deven Choksey,Sell Side Equity Research Analyst,2026-03-11,https://www.linkedin.com/jobs/view/4384177553,linkedin
FAG Finance,Investment Planning Associate - Internships........,2026-03-11,https://www.linkedin.com/jobs/view/4382890453,linkedin
Circles,"Senior Financial Analyst (Consumer, Jetpac, Services)",2026-03-11,https://www.linkedin.com/jobs/view/4365893662,linkedin
"Meridial Marketplace, by Invisible",Investment Specialist – Freelance AI Trainer Project,2026-03-11,https://www.linkedin.com/jobs/view/4374173315,linkedin
Deven Choksey,Compliance Manager,2026-03-11,https://www.linkedin.com/jobs/view/4384185253,linkedin
Forage AI,Research Data Analyst,2026-03-11,https://www.linkedin.com/jobs/view/4384173352,linkedin
Acuity Analytics,Investment Banking - DTP/Presentation Specialist (Associate/Senior Associate/Delivery Manager/Delivery Lead),2026-03-11,https://www.linkedin.com/jobs/view/4331448500,linkedin
BNP Paribas,GM IT - Senior Support Analyst,2026-03-11,https://www.linkedin.com/jobs/view/4384184815,linkedin
FAG Finance,Investment Planning Associate - Internships......,2026-03-11,https://www.linkedin.com/jobs/view/4382884784,linkedin
"Oaktree Capital Management, L.P.","Analyst, Deal & Cash Ops",2026-03-11,https://www.linkedin.com/jobs/view/4383206255,linkedin
EY,CT-NITRO - Research Innovation Analyst,2026-03-11,https://www.linkedin.com/jobs/view/4372542474,linkedin
State Street,Apprentice,2026-03-11,https://www.linkedin.com/jobs/view/4377018075,linkedin
Acuity Analytics,"Associate, Data Collation & Secondary Research",2026-03-11,https://www.linkedin.com/jobs/view/4372485323,linkedin
Edwards Lifesciences,"Senior Analyst, Incident Response - Pune",2026-03-11,https://www.linkedin.com/jobs/view/4351713440,linkedin
Golden Opportunities,Financial Control Analyst� Senior Process Analyst � Bangalore/Pune - GO/JC/1371/2025,2026-03-11,https://www.linkedin.com/jobs/view/4383212274,linkedin
IDFC FIRST Bank,Senior Financial Reporting Analyst,2026-03-11,https://www.linkedin.com/jobs/view/4281805377,linkedin
WebBoost Solutions by UM,Financial Analyst Internship,2026-03-11,https://www.linkedin.com/jobs/view/4384168845,linkedin
Escalent,Associate Project Lead- Quantitative Researcher,2026-03-11,https://www.linkedin.com/jobs/view/4382872728,linkedin
Bacardi,Procurement Insights and Best Practices Senior Analyst,2026-03-11,https://www.linkedin.com/jobs/view/4382899364,linkedin
Novartis India,Senior Business Analyst,2026-03-11,https://www.linkedin.com/jobs/view/4373443037,linkedin
Escalent,Associate Project Lead- Quantitative Researcher,2026-03-11,https://www.linkedin.com/jobs/view/4384302239,linkedin
Amazon,"Senior Insights & Marketing Manager, Amazon Pay",2026-03-11,https://www.linkedin.com/jobs/view/4366365141,linkedin
TinyPal,User Experience Researcher,2026-03-11,https://www.linkedin.com/jobs/view/4379830868,linkedin
Golden Opportunities,Analyst / Senior Analyst - Credit & Collections - Chennai - GO/JC/1296/2025,2026-03-11,https://www.linkedin.com/jobs/view/4383208471,linkedin
Golden Opportunities,Pricing Analyst Senior Associate /Team lead � Chennai - GO/JC/1385/2025,2026-03-11,https://www.linkedin.com/jobs/view/4382899784,linkedin
Nissan Motor Corporation,Senior Technology Analyst,2026-03-11,https://www.linkedin.com/jobs/view/4374727332,linkedin
Turing,Remote Physics Researcher (PhD),2026-03-11,https://www.linkedin.com/jobs/view/4384189638,linkedin
Golden Opportunities,Senior Analyst/Team Lead - Sourcing and contract services - Gurgaon/Bangalore - GO/JC/1379/2025,2026-03-11,https://www.linkedin.com/jobs/view/4383203654,linkedin
Turing,Remote Physics Researcher (PhD),2026-03-11,https://www.linkedin.com/jobs/view/4384196124,linkedin
Turing,Remote Physics Researcher (PhD),2026-03-11,https://www.linkedin.com/jobs/view/4384197089,linkedin
Turing,Remote Physics Researcher (PhD),2026-03-11,https://www.linkedin.com/jobs/view/4384197394,linkedin
Turing,Remote Physics Researcher (PhD),2026-03-11,https://www.linkedin.com/jobs/view/4384179857,linkedin
Flex,Senior Analyst - Logistics,2026-03-11,https://www.linkedin.com/jobs/view/4371314716,linkedin
Turing,Remote Physics Researcher (PhD),2026-03-11,https://www.linkedin.com/jobs/view/4384198371,linkedin
Turing,Remote Physics Researcher (PhD),2026-03-11,https://www.linkedin.com/jobs/view/4384193434,linkedin
Turing,Remote Physics Researcher (PhD),2026-03-11,https://www.linkedin.com/jobs/view/4384190654,linkedin
Puma Energy,Senior Support Analyst,2026-03-11,https://www.linkedin.com/jobs/view/4327775242,linkedin
Turing,Remote Physics Researcher (PhD),2026-03-11,https://www.linkedin.com/jobs/view/4384302161,linkedin
EXL,Analyst,2026-03-11,https://www.linkedin.com/jobs/view/4373981346,linkedin
eClerx,Analyst,2026-03-11,https://www.linkedin.com/jobs/view/4374120342,linkedin
eClerx,Analyst,2026-03-11,https://www.linkedin.com/jobs/view/4358392581,linkedin
eClerx,Analyst,2026-03-11,https://www.linkedin.com/jobs/view/4354688500,linkedin
REA Cyber City,Identity Governance Analyst [T500-24257],2026-03-11,https://www.linkedin.com/jobs/view/4384178352,linkedin
GlobalLogic,Associate Analyst IRC288181,2026-03-11,https://www.linkedin.com/jobs/view/4383203597,linkedin
Brookfield,Senior Analyst,2026-03-11,https://www.linkedin.com/jobs/view/4374491579,linkedin
Golden Opportunities,Sr. analyst - HRO - GO/JC/1479/2025,2026-03-11,https://www.linkedin.com/jobs/view/4383214154,linkedin
NTT DATA,R2R-Analyst,2026-03-11,https://www.linkedin.com/jobs/view/4382899609,linkedin
FlyNava Technologies,Fare Analyst,2026-03-11,https://www.linkedin.com/jobs/view/4383204122,linkedin
Golden Opportunities,Analyst- Record to Report - GO/JC/1842/2025,2026-03-11,https://www.linkedin.com/jobs/view/4383211279,linkedin
Keystone Recruitment,Hindi Literature Analyst (Remote),2026-03-11,https://www.linkedin.com/jobs/view/4384170462,linkedin
Keystone Recruitment,Hindi Text Evaluation Analyst (Remote),2026-03-11,https://www.linkedin.com/jobs/view/4384175590,linkedin
"Clinton Health Access Initiative, Inc.",M&E Analyst - TB,2026-03-11,https://www.linkedin.com/jobs/view/4382897758,linkedin
Keystone Recruitment,Hindi Publishing Analyst (Remote),2026-03-11,https://www.linkedin.com/jobs/view/4384171394,linkedin
Novartis India,"Sr. Analyst, Payor, Access & Reimbursement I&A",2026-03-11,https://www.linkedin.com/jobs/view/4378157608,linkedin
Keystone Recruitment,Hindi Grammar Analyst (Remote),2026-03-11,https://www.linkedin.com/jobs/view/4384181141,linkedin
Golden Opportunities,Analyst/Senior analyst - React.js Developer � Chennai/Hyderabad - GO/JC/1485/2025,2026-03-11,https://www.linkedin.com/jobs/view/4382898753,linkedin
Keystone Recruitment,Bangla Publishing Analyst (Remote),2026-03-11,https://www.linkedin.com/jobs/view/4384178690,linkedin
Keystone Recruitment,Tamil Grammar Analyst (Remote),2026-03-11,https://www.linkedin.com/jobs/view/4384173500,linkedin
Nexus Consulting,Marathi Publishing Analyst (Remote),2026-03-11,https://www.linkedin.com/jobs/view/4384170551,linkedin
Nexus Consulting,Marathi Grammar Analyst (Remote),2026-03-11,https://www.linkedin.com/jobs/view/4384301091,linkedin
Keystone Recruitment,Bangla Grammar Analyst (Remote),2026-03-11,https://www.linkedin.com/jobs/view/4384182887,linkedin
Johnson & Johnson Innovative Medicine,Senior Analyst - SAP Finance Product Costing,2026-03-11,https://www.linkedin.com/jobs/view/4366329712,linkedin
Atyeti Inc,Hiring for Loan IQ SME BA for Pune and Chennai,2026-03-11,https://www.linkedin.com/jobs/view/4366319408,linkedin
Virtusa,Business Analyst- Security Risk,2026-03-11,https://www.linkedin.com/jobs/view/4350282208,linkedin
Wipro,BUSINESS ANALYST L3,2026-03-11,https://www.linkedin.com/jobs/view/4384181967,linkedin
Novartis India,Business Analyst - DAP - PAR,2026-03-11,https://www.linkedin.com/jobs/view/4373450832,linkedin
"Pinnacle Group, Inc.",Business Analyst,2026-03-11,https://www.linkedin.com/jobs/view/4366170517,linkedin
IDFC FIRST Bank,Analyst-Hindsighting(Business Banking Credit),2026-03-11,https://www.linkedin.com/jobs/view/4382887873,linkedin
State Street,ALM IRR Analyst - Manager,2026-03-11,https://www.linkedin.com/jobs/view/4378833353,linkedin
Bread Financial,"Model Validation Analyst, 2",2026-03-11,https://www.linkedin.com/jobs/view/4383207388,linkedin
MUFG,AVP - Credit Analyst [T500-22511],2026-03-11,https://www.linkedin.com/jobs/view/4373969765,linkedin
Revolut,Business Risk Manager (Telecom),2026-03-11,https://www.linkedin.com/jobs/view/4325798667,linkedin
"ALP (Computational Finance, AI and Data Engineering)",Operational Risk Consultant / Analyst,2026-03-11,https://www.linkedin.com/jobs/view/4382586146,linkedin
Golden Opportunities,Manager - Risk Investigations - GO/JC/1528/2025,2026-03-11,https://www.linkedin.com/jobs/view/4383213226,linkedin
EY,Manager - Business Consulting Risk - TMT - CNS - Risk - Process & Controls - Bangalore,2026-03-11,https://www.linkedin.com/jobs/view/4280222471,linkedin
Golden Opportunities,Assistant Manager/Manager - Credit Analyst - Bangalore - GO/JC/1415/2025,2026-03-11,https://www.linkedin.com/jobs/view/4383200771,linkedin
Amazon,"Risk Manager I, Relay Product Excellence",2026-03-11,https://www.linkedin.com/jobs/view/4358260878,linkedin
Golden Opportunities,Business Analyst � Chennai - GO/JC/1422/2025,2026-03-11,https://www.linkedin.com/jobs/view/4382898759,linkedin
Revolut,Business Risk Manager (Technology),2026-03-11,https://www.linkedin.com/jobs/view/4382877896,linkedin
Golden Opportunities,Business Analsyt - GO/JC/1416/2025,2026-03-11,https://www.linkedin.com/jobs/view/4382899779,linkedin
Synchrony,"Manager, Model Risk Management (L9)",2026-03-11,https://www.linkedin.com/jobs/view/4383210301,linkedin
EY,Manager - Business Consulting Risk - National - CBS - RM - Proj & Operations - New Delhi,2026-03-11,https://www.linkedin.com/jobs/view/4372406040,linkedin
Synchrony,"Manager, Model Risk Management (L9)",2026-03-11,https://www.linkedin.com/jobs/view/4382890932,linkedin
MTEHealthIQ,Data Analyst Trainee,2026-03-11,https://www.linkedin.com/jobs/view/4383203563,linkedin
MTEPulse,Data Analyst Trainee,2026-03-11,https://www.linkedin.com/jobs/view/4383212270,linkedin
Synchrony,"Manager, Model Risk Management (L9)",2026-03-11,https://www.linkedin.com/jobs/view/4383213194,linkedin
Mdtresy Medical Travel Pvt Ltd,Data Analyst Trainee,2026-03-11,https://www.linkedin.com/jobs/view/4382873922,linkedin
Synchrony,"Manager, Model Risk Management (L9)",2026-03-11,https://www.linkedin.com/jobs/view/4383207406,linkedin
Scoutit,Data Analyst,2026-03-11,https://www.linkedin.com/jobs/view/4382887994,linkedin
Novartis India,"Manager, Decision Intelligence Solutionist",2026-03-11,https://www.linkedin.com/jobs/view/4375275947,linkedin
Expleo Group,Data Quality Controls & Measurements Analyst,2026-03-11,https://www.linkedin.com/jobs/view/4382581473,linkedin
Golden Opportunities,Funding Review Analyst - Junior - GO/JC/1431/2025,2026-03-11,https://www.linkedin.com/jobs/view/4382898755,linkedin
Check Point Software,Credit and Collection Analyst,2026-03-11,https://www.linkedin.com/jobs/view/4373098135,linkedin
R Systems,Credit Operations Specialist,2026-03-11,https://www.linkedin.com/jobs/view/4383212098,linkedin
PwC India,IN-Associate_Unsecured Credit_ Captives - FST_Advisory_Gurgaon,2026-03-11,https://www.linkedin.com/jobs/view/4384182082,linkedin
Golden Opportunities,Commercial Underwriter - Asst Manager/ Manager - Chennai - GO/JC/1272/2025,2026-03-11,https://www.linkedin.com/jobs/view/4383212282,linkedin
First Citizens India,Lead Systems Analyst - ServiceNow Development,2026-03-11,https://www.linkedin.com/jobs/view/4374721790,linkedin
Golden Opportunities,Data Analyst - Contract Hiring - GO/JC/1530/2025,2026-03-11,https://www.linkedin.com/jobs/view/4382898747,linkedin
Wake Up Whistle,"Data Analyst Intern (Excel, SQL, Power BI)",2026-03-11,https://www.linkedin.com/jobs/view/4382889931,linkedin
Medlytics,Data Analysis Trainee,2026-03-11,https://www.linkedin.com/jobs/view/4383208525,linkedin
Amazon,"Data Engineer I, AP Analytics",2026-03-11,https://www.linkedin.com/jobs/view/4344236576,linkedin
PwC India,IN-Senior Associate _GCP Data Engineer_Data and Analytics_ Advisory_Bangalore,2026-03-11,https://www.linkedin.com/jobs/view/4292874102,linkedin
Zimmer Biomet,Data BI Engineer,2026-03-11,https://www.linkedin.com/jobs/view/4382890793,linkedin
Golden Opportunities,Gen AI (LLM/ML) - GO/JC/1549/2025,2026-03-11,https://www.linkedin.com/jobs/view/4382893985,linkedin
Golden Opportunities,Data Engineer (Pyspark + DataBricks) Contract Hiring - GO/JC/1327/2025,2026-03-11,https://www.linkedin.com/jobs/view/4382891972,linkedin
Golden Opportunities,Python Data Scientist - GO/JC/1363/2025,2026-03-11,https://www.linkedin.com/jobs/view/4383202644,linkedin
Scoutit,Data Engineer,2026-03-11,https://www.linkedin.com/jobs/view/4383206203,linkedin
Scoutit,Data Engineer,2026-03-11,https://www.linkedin.com/jobs/view/4382890664,linkedin
Scoutit,Data Engineer,2026-03-11,https://www.linkedin.com/jobs/view/4383203354,linkedin
Cognizant,Sales Program  Data & Ops Analyst,2026-03-11,https://www.linkedin.com/jobs/view/4373348101,linkedin
Golden Opportunities,AM - Application Smart Meter - GO/JC/1349/2025,2026-03-11,https://www.linkedin.com/jobs/view/4382892962,linkedin
CareMatrix,Data Analyst Trainee,2026-03-11,https://www.linkedin.com/jobs/view/4383218157,linkedin
SixSense Mobility,Analytics Engineer,2026-03-11,https://www.linkedin.com/jobs/view/4382891561,linkedin
Infrabyte Consulting,Data Analyst Intern,2026-03-11,https://www.linkedin.com/jobs/view/4384310560,linkedin
PwC Acceleration Center India,Advisory - Deals - Forensic - Data Science - Senior Associate,2026-03-11,https://www.linkedin.com/jobs/view/4356350808,linkedin
Kraft Heinz,"Analyst II, Master Data",2026-03-11,https://www.linkedin.com/jobs/view/4382897970,linkedin
Aditya Birla Group,TM Data Science,2026-03-11,https://www.linkedin.com/jobs/view/4384313223,linkedin
PwC Acceleration Center India,MS - IT Infra/Cloud - Senior Associate(Sr. Analyst) - Service Reliability\Automation- operate,2026-03-11,https://www.linkedin.com/jobs/view/4350073421,linkedin
Luxoft,Databricks Data Platform Engineer/Architect,2026-03-11,https://www.linkedin.com/jobs/view/4384180833,linkedin
Infosys,Data Scientist,2026-03-11,https://www.linkedin.com/jobs/view/4366099472,linkedin
Infosys,Lead Data Scientist,2026-03-11,https://www.linkedin.com/jobs/view/4365934843,linkedin
Stripe,"Staff Engineer, Data Engineering Solutions",2026-03-11,https://www.linkedin.com/jobs/view/4364633939,linkedin
Luxoft,Databricks Data Platform Engineer/Architect,2026-03-11,https://www.linkedin.com/jobs/view/4384184802,linkedin
Golden Opportunities,Machine Learning Engineer - Technical Lead - GO/JC/1332/2025,2026-03-11,https://www.linkedin.com/jobs/view/4382896768,linkedin
ISS Sustainability Solutions,Climate Data Scientist,2026-03-11,https://www.linkedin.com/jobs/view/4358361071,linkedin
Deloitte,USI- EH26- Citirx eVDI Support Engineer- Senior Analyst,2026-03-11,https://www.linkedin.com/jobs/view/4383202768,linkedin
NTT DATA North America,Industry Consulting Consultant,2026-03-11,https://www.linkedin.com/jobs/view/4384311016,linkedin
CSC,Business Systems Analyst,2026-03-11,https://www.linkedin.com/jobs/view/4382579645,linkedin
Golden Opportunities,AS400- Senior Associate/Manager - GO/JC/1571/2025,2026-03-11,https://www.linkedin.com/jobs/view/4382897814,linkedin
Golden Opportunities,Senior - AI Chatbot Tester - GO/JC/1395/2025,2026-03-11,https://www.linkedin.com/jobs/view/4382893995,linkedin
Amazon,"Associate, Quality Services, Device Tech support",2026-03-11,https://www.linkedin.com/jobs/view/4358290872,linkedin
Crisil,"Research Analyst, Private Credit",2026-03-11,https://www.linkedin.com/jobs/view/4384318148,linkedin
"o9 Solutions, Inc.",Senior Financial Analyst,2026-03-11,https://www.linkedin.com/jobs/view/4384311432,linkedin
Johnson & Johnson Innovative Medicine,Finance Analyst Mid-Sized Markets,2026-03-11,https://www.linkedin.com/jobs/view/4374111326,linkedin
EY,Associate - SaT - National - SaT - TCF - Capital and Debt Advisory - Hyderabad,2026-03-11,https://www.linkedin.com/jobs/view/4351791066,linkedin
HSBC,Analyst - Global Banking,2026-03-11,https://www.linkedin.com/jobs/view/4384306632,linkedin
Crisil,Apprentice -  Valuation,2026-03-11,https://www.linkedin.com/jobs/view/4384306462,linkedin
Deloitte,GFS-GRM– Analyst,2026-03-11,https://www.linkedin.com/jobs/view/4383214326,linkedin
EY,FS-RISK CONSULTING-FSRM - QTB-SENIOR,2026-03-11,https://www.linkedin.com/jobs/view/4343876459,linkedin
Crisil,Lead Analyst - Financial Controller,2026-03-11,https://www.linkedin.com/jobs/view/4382985960,linkedin
Amazon,"Tax Analyst, VAT compliance",2026-03-11,https://www.linkedin.com/jobs/view/4344097429,linkedin
Newmark,Senior Analyst - Revenue & Reporting,2026-03-11,https://www.linkedin.com/jobs/view/4293514873,linkedin
Iron Mountain,Junior Associate,2026-03-11,https://www.linkedin.com/jobs/view/4384306300,linkedin
Crisil,Senior Analyst - Financial Controller,2026-03-11,https://www.linkedin.com/jobs/view/4383304315,linkedin
EY,Senior Analyst - Assurance - FS - ASU - TR - Technology Risk - Mumbai,2026-03-11,https://www.linkedin.com/jobs/view/4373056193,linkedin
dbgtech.in,Administrator,2026-03-11,https://www.linkedin.com/jobs/view/4382897551,linkedin
Deloitte,CoRe DDAI - Senior Analyst- Data Analytics and Reporting - Hyderabad,2026-03-11,https://www.linkedin.com/jobs/view/4382896885,linkedin
HSBC,Senior Business Analyst,2026-03-11,https://www.linkedin.com/jobs/view/4384308678,linkedin
Tata Consultancy Services,Business Analyst,2026-03-11,https://www.linkedin.com/jobs/view/4384304644,linkedin
PwC India,Senior Associate,2026-03-11,https://www.linkedin.com/jobs/view/4358271849,linkedin
RSM US LLP,Business Analyst-2,2026-03-11,https://www.linkedin.com/jobs/view/4344119750,linkedin
WSP in India,Business Analyst,2026-03-11,https://www.linkedin.com/jobs/view/4351304996,linkedin
NetApp,Business Analyst,2026-03-11,https://www.linkedin.com/jobs/view/4384316380,linkedin
MedTourEasy,Business Analysis Trainee,2026-03-11,https://www.linkedin.com/jobs/view/4383211476,linkedin
Macquarie Group,Executive - Liquidity Business Analyst,2026-03-11,https://www.linkedin.com/jobs/view/4344003943,linkedin
PINKERTON | Comprehensive Risk Management,Business Intelligence Analyst,2026-03-11,https://www.linkedin.com/jobs/view/4384315322,linkedin
Golden Opportunities,Sr Executive/Lead Analyst -Procurement - Noida - GO/JC/1329/2025,2026-03-11,https://www.linkedin.com/jobs/view/4383207442,linkedin
EY,Egrc ServiceNow_BA Manager,2026-03-11,https://www.linkedin.com/jobs/view/4356281834,linkedin
EY,Egrc ServiceNow_BA Manager,2026-03-11,https://www.linkedin.com/jobs/view/4356320656,linkedin
EY,Egrc ServiceNow_BA Manager,2026-03-11,https://www.linkedin.com/jobs/view/4356097889,linkedin
Deloitte,C&M-Digital Foundry-Oracle Functional-Consultant,2026-03-11,https://www.linkedin.com/jobs/view/4383211434,linkedin
NTT DATA North America,Digital Technology Analyst,2026-03-11,https://www.linkedin.com/jobs/view/4384306107,linkedin
Deloitte,C&M-Digital Foundry-Oracle Functional-Consultant,2026-03-11,https://www.linkedin.com/jobs/view/4383213376,linkedin
Deloitte,USI- EH26- Virtual Techbar Support- Senior Analyst,2026-03-11,https://www.linkedin.com/jobs/view/4383203775,linkedin
Deloitte,C&M-Digital Foundry-Salesforce Functional BA-Consultant,2026-03-11,https://www.linkedin.com/jobs/view/4383210505,linkedin
Deloitte,C&M-Digital Foundry-Salesforce Functional BA-Consultant,2026-03-11,https://www.linkedin.com/jobs/view/4382896894,linkedin
HSBC,Global BT Trade Floor Voice Support SME/Senior Business Analyst,2026-03-11,https://www.linkedin.com/jobs/view/4384300835,linkedin
Expleo Group,Mainframe Expert – Developer and Technical Analyst,2026-03-11,https://www.linkedin.com/jobs/view/4382589054,linkedin
Providence India,Principal Data Scientist,2026-03-11,https://www.linkedin.com/jobs/view/4374105962,linkedin
Inficore Soft,Business Analyst Intern,2026-03-11,https://www.linkedin.com/jobs/view/4382896964,linkedin
Clinikally (YC S22),Market Research Analyst,2026-03-11,https://www.linkedin.com/jobs/view/4382889823,linkedin
Liberis,Senior Risk Analyst - Portfolio Management,2026-03-11,https://www.linkedin.com/jobs/view/4382575839,linkedin
Growth Lane Marketing,Google Advertisements Media Investment Leader – $100M+ Campaign Spend (Remote),2026-03-11,https://www.linkedin.com/jobs/view/4382891785,linkedin
RMV Workforce LLP,Junior Financial Analyst,2026-03-11,https://www.linkedin.com/jobs/view/4383219245,linkedin
Autodesk,"Senior Financial Analyst, AEC Finance",2026-03-11,https://www.linkedin.com/jobs/view/4383200901,linkedin
Turing,Remote Chemistry Researcher (PhD),2026-03-11,https://www.linkedin.com/jobs/view/4384198881,linkedin
Turing,Remote Chemistry Researcher (PhD),2026-03-11,https://www.linkedin.com/jobs/view/4384197962,linkedin
Turing,Remote Chemistry Researcher (PhD),2026-03-11,https://www.linkedin.com/jobs/view/4384317334,linkedin
Turing,Remote Chemistry Researcher (PhD),2026-03-11,https://www.linkedin.com/jobs/view/4384199877,linkedin
Turing,Remote Chemistry Researcher (PhD),2026-03-11,https://www.linkedin.com/jobs/view/4384317306,linkedin
Turing,Remote Chemistry Researcher (PhD),2026-03-11,https://www.linkedin.com/jobs/view/4384309504,linkedin
Turing,Remote Chemistry Researcher (PhD),2026-03-11,https://www.linkedin.com/jobs/view/4384196891,linkedin
Turing,Remote Chemistry Researcher (PhD),2026-03-11,https://www.linkedin.com/jobs/view/4384196964,linkedin
Turing,Remote Chemistry Researcher (PhD),2026-03-11,https://www.linkedin.com/jobs/view/4384195930,linkedin
Turing,Remote Chemistry Researcher (PhD),2026-03-11,https://www.linkedin.com/jobs/view/4384195886,linkedin
Turing,Remote Chemistry Researcher (PhD),2026-03-11,https://www.linkedin.com/jobs/view/4384314353,linkedin
Turing,Remote Physics Researcher (PhD),2026-03-11,https://www.linkedin.com/jobs/view/4384197368,linkedin
Turing,Remote Physics Researcher (PhD),2026-03-11,https://www.linkedin.com/jobs/view/4384179816,linkedin
Principal Global Services,Senior Lead Analyst - Accounting,2026-03-11,https://www.linkedin.com/jobs/view/4383202662,linkedin
Cummins India,Analyst - Cummins CARE Operations,2026-03-11,https://www.linkedin.com/jobs/view/4383217074,linkedin
Cummins India,Analyst - Cummins CARE Operations,2026-03-11,https://www.linkedin.com/jobs/view/4383203743,linkedin
S&P Global,"Senior Analyst, Pricing Analytics",2026-03-11,https://www.linkedin.com/jobs/view/4382897678,linkedin
NTT DATA North America,Software Development Senior Analyst,2026-03-11,https://www.linkedin.com/jobs/view/4384310026,linkedin
Honeywell,Sr Controllership Analyst,2026-03-11,https://www.linkedin.com/jobs/view/4384305374,linkedin
Keystone Recruitment,Tamil Text Evaluation Analyst (Remote),2026-03-11,https://www.linkedin.com/jobs/view/4384191334,linkedin
Societe Generale Global Solution Centre,Sr. Analyst- Reg Reporting,2026-03-11,https://www.linkedin.com/jobs/view/4384306611,linkedin
CBRE,Finance Analyst / Sr. Analyst,2026-03-11,https://www.linkedin.com/jobs/view/4384313384,linkedin
EY,Servicenow-Servicenow Architect BA-Manager,2026-03-11,https://www.linkedin.com/jobs/view/4351772374,linkedin
Moder,Team Lead,2026-03-11,https://www.linkedin.com/jobs/view/4383201516,linkedin
EY,FS-RISK CONSULTING-FSRM - QTB-MANAGER,2026-03-11,https://www.linkedin.com/jobs/view/4350270563,linkedin
EY,Risk Consulting - IT Audit Manager - Technology Architecture - Financial Services,2026-03-11,https://www.linkedin.com/jobs/view/4353957978,linkedin
Golden Opportunities,HR Data Analyst - GO/JC/1523/2025,2026-03-11,https://www.linkedin.com/jobs/view/4382896755,linkedin
HSBC,Business Analysis,2026-03-11,https://www.linkedin.com/jobs/view/4384312522,linkedin
Stripe,"Technical Program Manager, Risk",2026-03-11,https://www.linkedin.com/jobs/view/4384192818,linkedin
ICE,Senior Technical Analyst,2026-03-11,https://www.linkedin.com/jobs/view/4366724879,linkedin
Novartis India,"Manager, AI Business Enablement",2026-03-11,https://www.linkedin.com/jobs/view/4375291053,linkedin
Crisil,Private credit data analyst profile,2026-03-11,https://www.linkedin.com/jobs/view/4384197769,linkedin
Golden Opportunities,Senior Executive - SOC Analyst - Travel Risk - GO/JC/1289/2025,2026-03-11,https://www.linkedin.com/jobs/view/4383214172,linkedin
